<?xml version="1.0" encoding="utf-8"?>
<ButtonConfigRoot xmlns:xsi="http://www.w3.org/2001/XMLSchema-instance" xmlns:xsd="http://www.w3.org/2001/XMLSchema">
	<Values>
		<ButtonConfiguration>
			<ButtonText>1kHz Soft</ButtonText>
			<Bandwidth>1000</Bandwidth>
			<FilterOrder>100</FilterOrder>
			<FilterType>2</FilterType>
		</ButtonConfiguration>
		<ButtonConfiguration>
			<ButtonText>500Hz Sharp</ButtonText>
			<Bandwidth>500</Bandwidth>
			<FilterOrder>1000</FilterOrder>
			<FilterType>2</FilterType>
		</ButtonConfiguration>
		<ButtonConfiguration>
			<ButtonText>500Hz Soft</ButtonText>
			<Bandwidth>500</Bandwidth>
			<FilterOrder>100</FilterOrder>
			<FilterType>2</FilterType>
		</ButtonConfiguration>
		<ButtonConfiguration>
			<ButtonText>250Hz Sharp</ButtonText>
			<Bandwidth>250</Bandwidth>
			<FilterOrder>1000</FilterOrder>
			<FilterType>2</FilterType>
		</ButtonConfiguration>
		<ButtonConfiguration>
			<ButtonText>2.7kHz Soft</ButtonText>
			<Bandwidth>2700</Bandwidth>
			<FilterOrder>500</FilterOrder>
			<FilterType>2</FilterType>
		</ButtonConfiguration>
		<ButtonConfiguration>
			<ButtonText>2.4kHz Sharp</ButtonText>
			<Bandwidth>2400</Bandwidth>
			<FilterOrder>1000</FilterOrder>
			<FilterType>2</FilterType>
		</ButtonConfiguration>
		<ButtonConfiguration>
			<ButtonText>6kHz</ButtonText>
			<Bandwidth>6000</Bandwidth>
			<FilterOrder>1000</FilterOrder>
			<FilterType>6</FilterType>
		</ButtonConfiguration>
	</Values>
</ButtonConfigRoot>